{"count":1,"self":9121.0006528,"total":25883.006814,"children":{"InitializeSensors":{"count":10,"self":0.0026219999999999998,"total":0.0026219999999999998,"children":null},"AgentSendState":{"count":8582896,"self":118.6855808,"total":940.88457599999992,"children":{"CollectObservations":{"count":17165800,"self":404.9914368,"total":404.99143599999996,"children":null},"CollectDiscreteActionMasks":{"count":17165800,"self":16.7918192,"total":16.791819,"children":null},"AgentInfo.ToProto":{"count":17165800,"self":61.6666112,"total":400.41574499999996,"children":{"GenerateSensorData":{"count":17165800,"self":338.7491328,"total":338.749131,"children":null}}}}},"DecideAction":{"count":8582896,"self":14915.354624,"total":14915.354862,"children":null},"AgentAct":{"count":8582896,"self":905.18159359999993,"total":905.685522,"children":{"AgentInfo.ToProto":{"count":16575,"self":0.099736999999999992,"total":0.50391999999999992,"children":{"GenerateSensorData":{"count":16575,"self":0.40418299999999996,"total":0.40418299999999996,"children":null}}}}},"AgentInfo.ToProto":{"count":2576,"self":0.019552999999999997,"total":0.076778,"children":{"GenerateSensorData":{"count":2576,"self":0.057225,"total":0.057225,"children":null}}}},"gauges":{"WalkerStatic.CumulativeReward":{"count":19151,"max":1774.62378,"min":3.00408268,"runningAverage":1243.32983,"value":1714.306,"weightedAverage":1687.30078}},"metadata":{"timer_format_version":"0.1.0","start_time_seconds":"1594606039","unity_version":"2019.4.1f1","command_line_arguments":"\/home\/danilo\/Unity3D\/ml-agents-release_3\/Project\/WalkerModes\/WalkerModesSelection8.x86_64 --mlagents-port 5040 -logFile \/home\/danilo\/Unity3D\/ml-agents-release_3\/results\/WalkerModes8Sel\/run_logs\/Player-0.log","communication_protocol_version":"1.0.0","com.unity.ml-agents_version":"1.1.0-preview","scene_name":"WalkerStatic","end_time_seconds":"1594631922"}}