{"count":1,"self":10376.1690624,"total":33049.722982,"children":{"InitializeSensors":{"count":10,"self":0.0018169999999999998,"total":0.0018169999999999998,"children":null},"AgentSendState":{"count":10002026,"self":152.2928384,"total":1343.499091,"children":{"CollectObservations":{"count":20004060,"self":562.2987264,"total":562.298741,"children":null},"CollectDiscreteActionMasks":{"count":20004060,"self":21.2664784,"total":21.266479,"children":null},"AgentInfo.ToProto":{"count":20004060,"self":81.2388928,"total":607.641036,"children":{"GenerateSensorData":{"count":20004060,"self":526.4021504,"total":526.402144,"children":null}}}}},"DecideAction":{"count":10002026,"self":20178.9882368,"total":20178.988076999998,"children":null},"AgentAct":{"count":10002026,"self":1149.4238208,"total":1149.99061,"children":{"AgentInfo.ToProto":{"count":17097,"self":0.13539299999999999,"total":0.566765,"children":{"GenerateSensorData":{"count":17097,"self":0.431372,"total":0.431372,"children":null}}}}},"AgentInfo.ToProto":{"count":29181,"self":0.24079899999999999,"total":1.0725289999999998,"children":{"GenerateSensorData":{"count":29181,"self":0.83173,"total":0.83173,"children":null}}}},"gauges":{"WalkerStatic.CumulativeReward":{"count":46278,"max":1379.17676,"min":1.06109869,"runningAverage":425.759369,"value":1315.00452,"weightedAverage":1258.83472}},"metadata":{"timer_format_version":"0.1.0","start_time_seconds":"1594639303","unity_version":"2019.4.1f1","command_line_arguments":"\/home\/danilo\/Unity3D\/ml-agents-release_3\/Project\/WalkerModes\/WalkerModesSelection5.x86_64 --mlagents-port 5043 -logFile \/home\/danilo\/Unity3D\/ml-agents-release_3\/results\/WalkerModes5Sel\/run_logs\/Player-0.log","communication_protocol_version":"1.0.0","com.unity.ml-agents_version":"1.1.0-preview","scene_name":"WalkerStatic","end_time_seconds":"1594672353"}}